code,term
28461011000001109,Trulicity 0.75mg/0.5ml solution for injection pre-filled pens (Eli Lilly and Company Ltd) (AMP)
28462311000001103,Trulicity 1.5mg/0.5ml solution for injection pre-filled pens (Eli Lilly and Company Ltd) (AMP)
28789611000001108,Dulaglutide 0.75mg/0.5ml solution for injection pre-filled disposable devices (VMP)
28789711000001104,Dulaglutide 1.5mg/0.5ml solution for injection pre-filled disposable devices (VMP)
39232411000001104,Trulicity 3mg/0.5ml solution for injection pre-filled pens (Eli Lilly and Company Ltd) (AMP)
39232611000001101,Trulicity 4.5mg/0.5ml solution for injection pre-filled pens (Eli Lilly and Company Ltd) (AMP)
39233411000001108,Dulaglutide 3mg/0.5ml solution for injection pre-filled disposable devices (VMP)
39233511000001107,Dulaglutide 4.5mg/0.5ml solution for injection pre-filled disposable devices (VMP)
41957611000001108,Trulicity 0.75mg/0.5ml solution for injection pre-filled pens (Pharmaram Ltd) (AMP)
43999411000001103,Trulicity 1.5mg/0.5ml solution for injection pre-filled pens (Pharmaram Ltd) (AMP)
775712006,Dulaglutide (VTM)
