patient_id,date,snomedct_code,numeric_value
1,2021-02-08,102621000119101,
1,2022-03-10,104021000000106,
1,2021-04-06,10432001,
2,2017-02-02,10656271000119102,
2,2018-03-10,111231000119109,
2,2017-05-07,154167001,
3,2018-03-03,108781000119105,
3,2019-04-10,137931000119102,
3,2018-06-08,154182006,
4,2019-04-04,1196922005,
4,2020-05-10,140531000119105,
4,2019-07-09,110401000000103,
5,2020-05-05,1217044000,
5,2021-06-10,164971000119101,
5,2020-08-10,14176005,
6,2023-07-29,1332466004,
6,2024-08-10,16747021000119109,
6,2023-09-11,154161000,
7,2022-07-07,138911000119106,
7,2023-08-10,190387006,
7,2022-10-12,154192003,
8,2023-08-08,140111000119107,
8,2024-09-10,237627000,
8,2023-11-13,154213004,
9,2016-09-09,140391000119101,
9,2017-10-10,314903002,
9,2016-12-14,185985005,
10,2017-10-10,1481000119100,
10,2018-11-10,41911000119107,
10,2017-01-15,186015007,
11,2018-11-11,1521000119100,
11,2019-12-10,421707005,
11,2018-02-16,186036009,
12,2019-12-12,157141000119108,
12,2020-01-10,427027005,
12,2019-03-17,92431000000100,
13,2020-01-13,16745051000119107,
13,2021-02-10,472969004,
13,2020-04-18,26215007,
14,2021-02-14,16745931000119102,
14,2022-03-10,713706002,
14,2021-05-19,110771000000104,
15,2022-03-15,16746341000119103,
15,2023-04-10,761000119102,
15,2022-06-20,15086000,
16,2023-04-16,16747661000119109,
16,2024-05-10,791000119109,
16,2023-07-21,29343004,
17,2016-05-17,16749661000119102,
17,2017-06-10,87451000119102,
17,2016-08-22,315283003,
18,2017-06-18,190386002,
18,2018-07-10,97621000119107,
18,2017-09-23,367505005,
19,2018-07-19,190390000,
19,2018-10-24,10008004,
20,2019-08-20,198671000000109,
20,2019-11-25,154175007,
21,2020-09-21,237599002,
21,2020-12-26,154209006,
22,2021-10-22,313436004,
22,2021-01-27,44881000000100,
23,2022-11-23,314772004,
23,2022-02-01,494141000000101,
24,2023-12-24,314904008,
24,2023-03-02,494181000000109,
25,2016-01-25,368051000119109,
25,2016-04-03,978371000000108,
26,2017-02-26,395204000,
26,2017-05-04,154176008,
27,2018-03-01,408417004,
27,2018-06-05,10292001,
28,2019-04-02,420436000,
28,2019-07-06,718960000,
29,2020-05-03,421326000,
29,2020-08-07,718964009,
30,2021-06-04,421750000,
30,2021-09-08,735001008,
31,2022-07-05,422014003,
31,2022-10-09,43890005,
32,2023-08-06,422166005,
32,2023-11-10,704386001,
33,2016-09-07,427134009,
33,2016-12-11,154177004,
34,2017-10-08,43921000000108,
34,2017-01-12,88911000000101,
35,2018-11-09,444110003,
35,2018-02-13,88951000000102,
36,2019-12-10,55626003,
36,2019-03-14,92391000000108,
37,2020-01-11,701000119103,
37,2020-04-15,92701000000102,
38,2021-02-12,713703005,
38,2021-05-16,154166005,
39,2022-03-13,71441000119104,
39,2022-06-17,113170005,
40,2023-04-14,721000119107,
40,2023-07-18,93961000000109,
41,2016-05-15,751000119104,
41,2016-08-19,94011000000105,
42,2017-06-16,771000119108,
42,2017-09-20,9533000,
43,2018-07-17,78461000000101,
43,2018-10-21,976661000000106,
44,2019-08-18,789570006,
44,2019-11-22,976701000000100,
45,2020-09-19,82551000119103,
45,2020-12-23,977381000000106,
46,2021-10-20,83251000000103,
46,2021-01-24,977941000000102,
47,2022-11-21,87441000119104,
47,2022-02-25,977981000000105,
48,2023-12-22,888211000000106,
48,2023-03-26,978041000000100,
49,2016-01-23,90791000119104,
49,2016-04-27,978221000000102,
50,2017-02-24,9859006,
