patient_id,sex,date_of_birth,date_of_death
1,female,2020-02-08,
2,female,2015-03-17,
3,female,2010-04-03,
4,female,2007-05-22,
5,female,2005-06-11,
6,male,2022-07-29,
7,male,2018-08-06,
8,male,2013-09-14,
9,male,2011-10-02,
10,male,2008-11-25,
11,male,2006-12-09,
12,female,2003-02-27,
13,female,2000-03-04,
14,female,1997-04-19,
15,female,1994-05-07,
16,female,1991-06-30,
17,female,1988-07-12,
18,female,1985-08-21,
19,male,2002-09-01,
20,male,1998-10-18,
21,male,1995-11-05,
22,male,1992-12-23,
23,male,1989-02-14,
24,male,1986-03-28,
25,female,1983-04-09,
26,female,1979-05-16,
27,female,1976-06-02,
28,female,1973-07-24,
29,female,1969-08-13,
30,female,1965-09-27,
31,male,1982-10-08,
32,male,1978-11-19,
33,male,1975-12-01,
34,male,1972-02-03,
35,male,1968-03-11,
36,male,1966-04-26,
37,female,1963-05-09,
38,female,1959-06-18,
39,female,1955-07-07,
40,female,1951-08-31,
41,female,1946-09-12,
42,male,1962-10-29,
43,male,1958-11-08,
44,male,1954-12-16,
45,male,1950-02-21,
46,male,1945-03-06,
47,female,1942-04-15,
48,female,1936-05-28,
49,male,1939-06-04,
50,male,,
