patient_id,start_date,end_date,practice_pseudo_id
1,2020-02-08,2025-11-30,1
2,2015-03-17,,2
3,2010-04-03,,3
4,2007-05-22,,4
5,2005-06-11,,5
6,2022-07-29,,6
7,2018-08-06,,7
8,2013-09-14,2025-11-30,8
9,2011-10-02,,9
10,2008-11-25,,10
11,2008-11-11,,11
12,2009-12-12,2026-04-18,12
13,2010-01-13,,13
14,2011-02-14,,14
15,2012-03-15,2025-11-30,15
16,2013-04-16,,1
17,2014-05-17,,2
18,2015-06-18,,3
19,2016-07-19,,4
20,2017-08-20,,5
21,1998-09-21,,6
22,1999-10-22,2025-11-30,7
23,2000-11-23,2026-04-18,8
24,2001-12-24,,9
25,2002-01-25,,10
26,2003-02-26,,11
27,2004-03-27,,12
28,2005-04-01,,13
29,2006-05-02,2025-11-30,14
30,2007-06-03,,15
31,2008-07-04,,1
32,2009-08-05,,2
33,2010-09-06,,3
34,2011-10-07,2026-04-18,4
35,2012-11-08,,5
36,2013-12-09,2025-11-30,6
37,2014-01-10,,7
38,2015-02-11,,8
39,2016-03-12,,9
40,2017-04-13,,10
41,1998-05-14,,11
42,1999-06-15,,12
43,2000-07-16,2025-11-30,13
44,2001-08-17,,14
45,2002-09-18,2026-04-18,15
46,2003-10-19,,1
47,2004-11-20,,2
48,2005-12-21,,3
49,2006-01-22,,4
50,2011-05-23,2025-11-30,5
